Title,Score,Number_Of_Comments,Publish_Date,Link
"Israel refills the Sea of Galilee, supplying Jordan on the way",749,167,1675204223.0,https://www.reddit.com/r/worldnews/comments/10qcldh/israel_refills_the_sea_of_galilee_supplying/
"Israel refills the Sea of Galilee, supplying Jordan on the way",284,19,1675124336.0,https://www.reddit.com/r/worldnews/comments/10pit9q/israel_refills_the_sea_of_galilee_supplying/
"Jordan, Latvia and Israel Shake Up Diplomatic Corps After “Shadow Diplomats” Investigation",33,1,1674663624.0,https://www.reddit.com/r/worldnews/comments/10l2is3/jordan_latvia_and_israel_shake_up_diplomatic/
"Netanyahu and Abdullah meet in Jordan, signaling they want to move past tensions",37,2,1674577789.0,https://www.reddit.com/r/worldnews/comments/10k9fld/netanyahu_and_abdullah_meet_in_jordan_signaling/
Negev Forum parley in the UAE underway without Jordan,12,0,1673269589.0,https://www.reddit.com/r/worldnews/comments/107dydr/negev_forum_parley_in_the_uae_underway_without/
"Palestinians, Jordan slam Ben-Gvir's visit to Temple Mount",229,90,1672745892.0,https://www.reddit.com/r/worldnews/comments/1025wo1/palestinians_jordan_slam_bengvirs_visit_to_temple/
Jordan king warns of 'red lines' in Jerusalem as Netanyahu returns to office,518,122,1672500138.0,https://www.reddit.com/r/worldnews/comments/zzwcum/jordan_king_warns_of_red_lines_in_jerusalem_as/
Jordan king warns of 'red lines' in Jerusalem as Netanyahu returns to office,590,148,1672248210.0,https://www.reddit.com/r/worldnews/comments/zxfadr/jordan_king_warns_of_red_lines_in_jerusalem_as/
Ancient City of Petra Flooded as Heavy Rainfall Lashes Jordan,233,14,1672199553.0,https://www.reddit.com/r/worldnews/comments/zwzind/ancient_city_of_petra_flooded_as_heavy_rainfall/
Police officer killed during protests in Jordan over high fuel prices,38,0,1671213408.0,https://www.reddit.com/r/worldnews/comments/znkqu6/police_officer_killed_during_protests_in_jordan/
"Egypt returns 176 recovered coin artefacts to Iraq, China, Saudi Arabia & Jordan",137,7,1670957400.0,https://www.reddit.com/r/worldnews/comments/zl3hxc/egypt_returns_176_recovered_coin_artefacts_to/
'Terrorist attack’: home of Bondi Beach media identity Jordan Shanks firebombed,34,14,1669274075.0,https://www.reddit.com/r/worldnews/comments/z3dapf/terrorist_attack_home_of_bondi_beach_media/
Israel and Jordan pen agreement to clean up Jordan River,253,1,1668821649.0,https://www.reddit.com/r/worldnews/comments/yz0bym/israel_and_jordan_pen_agreement_to_clean_up/
Israel and Jordan agree to team up to save Jordan River,1117,53,1668722874.0,https://www.reddit.com/r/worldnews/comments/yy34fl/israel_and_jordan_agree_to_team_up_to_save_jordan/
"Israel, Jordan, UAE sign new MOU on deal to swap solar energy for desalinated water",55,3,1667990689.0,https://www.reddit.com/r/worldnews/comments/yqf8rw/israel_jordan_uae_sign_new_mou_on_deal_to_swap/
"Jordan steps up curbs on political dissent, Human Rights Watch says",85,9,1663513825.0,https://www.reddit.com/r/worldnews/comments/xhj6br/jordan_steps_up_curbs_on_political_dissent_human/
Jordan responders rescue infant from collapsed building,41,1,1663184353.0,https://www.reddit.com/r/worldnews/comments/xeb5fy/jordan_responders_rescue_infant_from_collapsed/
"Shots fired at Israeli bus in Jordan Valley, at least two moderately hurt",354,147,1662286812.0,https://www.reddit.com/r/worldnews/comments/x5jlce/shots_fired_at_israeli_bus_in_jordan_valley_at/
Jordan chafes at Israel's move to let Palestinians fly via Eilat's Ramon Airport,39,6,1661507734.0,https://www.reddit.com/r/worldnews/comments/wy516q/jordan_chafes_at_israels_move_to_let_palestinians/
Jordan chafes at Israel's move to let Palestinians fly via Eilat's Ramon Airport,38,1,1661501432.0,https://www.reddit.com/r/worldnews/comments/wy3b5j/jordan_chafes_at_israels_move_to_let_palestinians/
Jordan chafes at Israel's move to let Palestinians fly via Eilat's Ramon Airport,166,18,1661464732.0,https://www.reddit.com/r/worldnews/comments/wxqtbg/jordan_chafes_at_israels_move_to_let_palestinians/
Ramon Airport sparks crisis between Jordan and the Palestinians,29,6,1661459507.0,https://www.reddit.com/r/worldnews/comments/wxoof4/ramon_airport_sparks_crisis_between_jordan_and/
"Jordan River, Jesus' baptism site, is today barely a trickle",50,39,1660921875.0,https://www.reddit.com/r/worldnews/comments/wsgfqr/jordan_river_jesus_baptism_site_is_today_barely_a/
"Jordan’s Crown Prince Al Hussein engaged to Saudi national Rajwa al-Saif, the future Queen of Jordan",27,5,1660793000.0,https://www.reddit.com/r/worldnews/comments/wr8ndl/jordans_crown_prince_al_hussein_engaged_to_saudi/
"Corruption in Guatemala is at unprecedented levels under an ""authoritarian"" government that punishes prosecutors and judges investigating organized crime, Jordan Rodas, the country's ombudsman said ""We're going through one of the worst moments"" with respect to corruption",799,24,1659234760.0,https://www.reddit.com/r/worldnews/comments/wce0jm/corruption_in_guatemala_is_at_unprecedented/
"King Abdullah: Jordan faces ""regular attacks on its borders by militias linked to Iran""",169,19,1658691311.0,https://www.reddit.com/r/worldnews/comments/w73u8w/king_abdullah_jordan_faces_regular_attacks_on_its/
US says still seeking extradition of Palestinian terrorist in Jordan,29,1,1657591193.0,https://www.reddit.com/r/worldnews/comments/vwzhkp/us_says_still_seeking_extradition_of_palestinian/
Jordan Police arrest man for beating his two daughters to death and burying them.,125,20,1657068281.0,https://www.reddit.com/r/worldnews/comments/vscz2o/jordan_police_arrest_man_for_beating_his_two/
Jordan vows inquiry into deadly gas release at Red Sea port,56,3,1656442590.0,https://www.reddit.com/r/worldnews/comments/vmuu3i/jordan_vows_inquiry_into_deadly_gas_release_at/
"Toxic gas released in Jordan port kills 13, injures 250",151,5,1656380255.0,https://www.reddit.com/r/worldnews/comments/vmb60h/toxic_gas_released_in_jordan_port_kills_13/
Israel offers Jordan aid following toxic gas blast at Port of Aqaba,176,72,1656369829.0,https://www.reddit.com/r/worldnews/comments/vm7mgy/israel_offers_jordan_aid_following_toxic_gas/
"Ten dead, 251 injured in toxic gas leak at Jordan's Aqaba port",270,26,1656369806.0,https://www.reddit.com/r/worldnews/comments/vm7m64/ten_dead_251_injured_in_toxic_gas_leak_at_jordans/
Toxic gas leak in Jordan leaves 10 dead and hundreds injured,47,5,1656350896.0,https://www.reddit.com/r/worldnews/comments/vm0wze/toxic_gas_leak_in_jordan_leaves_10_dead_and/
Jordan's king says he would support a Middle East version of NATO,761,293,1656068136.0,https://www.reddit.com/r/worldnews/comments/vjlp6e/jordans_king_says_he_would_support_a_middle_east/
Ukraine War: Former British Soldier Jordan Gatley Killed In Fighting,103,12,1655047552.0,https://www.reddit.com/r/worldnews/comments/vaoaej/ukraine_war_former_british_soldier_jordan_gatley/
Ukraine war: Former British soldier Jordan Gatley killed in fighting,2138,138,1655044183.0,https://www.reddit.com/r/worldnews/comments/van58d/ukraine_war_former_british_soldier_jordan_gatley/
German Economy Minister Robert Habeck seeks new partnerships with Israel and Jordan | His primary focus will again be on finding alternatives to Russian gas supplies.,281,41,1654429365.0,https://www.reddit.com/r/worldnews/comments/v5bmxn/german_economy_minister_robert_habeck_seeks_new/
Jerusalem Day: Israel violated Temple Mount status quo - Jordan,30,28,1653837755.0,https://www.reddit.com/r/worldnews/comments/v0df9o/jerusalem_day_israel_violated_temple_mount_status/
Jordan says Iran-linked groups in Syria wage drug war along border,31,1,1653380254.0,https://www.reddit.com/r/worldnews/comments/uwlwdl/jordan_says_iranlinked_groups_in_syria_wage_drug/
Jordan’s king places half brother under house arrest | Politics News,32,1,1652977916.0,https://www.reddit.com/r/worldnews/comments/ut7aqp/jordans_king_places_half_brother_under_house/
Jordan king places 'erratic' half-brother under house arrest,63,12,1652972582.0,https://www.reddit.com/r/worldnews/comments/ut5ef3/jordan_king_places_erratic_halfbrother_under/
Jordan army official confirms Syria military assists drug traffickers,46,1,1652945594.0,https://www.reddit.com/r/worldnews/comments/usy1mp/jordan_army_official_confirms_syria_military/
From Jordan to Japan: US invites 14 non-NATO nations to Ukraine defense summit,274,6,1651118825.0,https://www.reddit.com/r/worldnews/comments/udmd6j/from_jordan_to_japan_us_invites_14_nonnato/
"Israel, Jordan to convene joint panel on lowering Temple Mount tensions -- report",38,5,1651092180.0,https://www.reddit.com/r/worldnews/comments/uddd4b/israel_jordan_to_convene_joint_panel_on_lowering/
"Jordan, once fertile, is pushing back as desert encroaches",111,7,1651075159.0,https://www.reddit.com/r/worldnews/comments/ud6x5u/jordan_once_fertile_is_pushing_back_as_desert/
Earth Day: Jordan farmers frustrated over shrinking Dead Sea,32,4,1650588547.0,https://www.reddit.com/r/worldnews/comments/u9244f/earth_day_jordan_farmers_frustrated_over/
"Jordan ‘salutes’ Palestinian rioters on Temple Mt., summons Israeli envoy for rebuke",40,12,1650323844.0,https://www.reddit.com/r/worldnews/comments/u6qgaf/jordan_salutes_palestinian_rioters_on_temple_mt/
"Israel downs Gaza rocket, admonishes Jordan as Jerusalem tensions simmer",46,10,1650312127.0,https://www.reddit.com/r/worldnews/comments/u6m32d/israel_downs_gaza_rocket_admonishes_jordan_as/
Captagon: Jordan's undeclared war against Syria drug traffickers,74,3,1650284658.0,https://www.reddit.com/r/worldnews/comments/u6bwlo/captagon_jordans_undeclared_war_against_syria/
Jordan's King Accuses Israel of 'Illegal Provocative Measures' on Jerusalem's Temple Mount,11,16,1650205560.0,https://www.reddit.com/r/worldnews/comments/u5o42c/jordans_king_accuses_israel_of_illegal/
